Year,Observation status,Unit multiplier,SERIES,Reference area,Type of product,UNIT_MEASURE,GeoCode,Value
2020,Normal value,Units,Mean length of fish species,,Round sardinella,Centimeters,,17.7
2020,Normal value,Units,Mean length of fish species,,Flat sardinella,Centimeters,,16.2
2020,Normal value,Units,Mean length of fish species,,Chub mackerel,Centimeters,,20.2
2020,Normal value,Units,Mean length of fish species,,European anchovy,Centimeters,,9.1
2020,Normal value,Units,Mean length of fish species,,Burritto,Centimeters,,13.4
2020,Normal value,Units,Mean length of fish species,,Red Pandora,Centimeters,,16.2
2020,Normal value,Units,Mean length of fish species,,Cassava fish,Centimeters,,21.7
2020,Normal value,Units,Mean length of fish species,,Red Mullet,Centimeters,,17.5
2020,Normal value,Units,Mean length of fish species,,Angola dentex,Centimeters,,20.3
