Year,SERIES,Value
2016,Coverage of protected areas in relation to marine areas-Index,63.19
2017,Coverage of protected areas in relation to marine areas-Index,63.74
2018,Coverage of protected areas in relation to marine areas-Index,63.92
2019,Coverage of protected areas in relation to marine areas-Index,63.44
2020,Coverage of protected areas in relation to marine areas-Index,63.32
2021,Coverage of protected areas in relation to marine areas-Index,63.26
2016,Coverage of protected areas in relation to marine areas-Food provision,50.11
2017,Coverage of protected areas in relation to marine areas-Food provision,49.81
2018,Coverage of protected areas in relation to marine areas-Food provision,49.27
2019,Coverage of protected areas in relation to marine areas-Food provision,48.61
2020,Coverage of protected areas in relation to marine areas-Food provision,47.71
2021,Coverage of protected areas in relation to marine areas-Food provision,47.22
2016,Coverage of protected areas in relation to marine areas-Wild caught Fisheries(sub-goal),50.11
2017,Coverage of protected areas in relation to marine areas-Wild caught Fisheries(sub-goal),49.82
2018,Coverage of protected areas in relation to marine areas-Wild caught Fisheries(sub-goal),49.28
2019,Coverage of protected areas in relation to marine areas-Wild caught Fisheries(sub-goal),48.61
2020,Coverage of protected areas in relation to marine areas-Wild caught Fisheries(sub-goal),47.71
2021,Coverage of protected areas in relation to marine areas-Wild caught Fisheries(sub-goal),47.22
2016,Coverage of protected areas in relation to marine areas-Mariculture (sub-goal),0.01
2017,Coverage of protected areas in relation to marine areas-Mariculture (sub-goal),0.01
2018,Coverage of protected areas in relation to marine areas-Mariculture (sub-goal),0.01
2019,Coverage of protected areas in relation to marine areas-Mariculture (sub-goal),0.01
2020,Coverage of protected areas in relation to marine areas-Mariculture (sub-goal),0.01
2021,Coverage of protected areas in relation to marine areas-Mariculture (sub-goal),0.01
2016,Coverage of protected areas in relation to marine areas-Artisanal fishing opportunities,72.01
2017,Coverage of protected areas in relation to marine areas-Artisanal fishing opportunities,71.12
2018,Coverage of protected areas in relation to marine areas-Artisanal fishing opportunities,69.9
2019,Coverage of protected areas in relation to marine areas-Artisanal fishing opportunities,69.05
2020,Coverage of protected areas in relation to marine areas-Artisanal fishing opportunities,68.33
2021,Coverage of protected areas in relation to marine areas-Artisanal fishing opportunities,67.95
2016,Coverage of protected areas in relation to marine areas-Natural products,55.93
2017,Coverage of protected areas in relation to marine areas-Natural products,62.57
2018,Coverage of protected areas in relation to marine areas-Natural products,66.79
2019,Coverage of protected areas in relation to marine areas-Natural products,68.11
2020,Coverage of protected areas in relation to marine areas-Natural products,68.48
2021,Coverage of protected areas in relation to marine areas-Natural products,69.01
2016,Coverage of protected areas in relation to marine areas-Carbon storage,99.09
2017,Coverage of protected areas in relation to marine areas-Carbon storage,99.09
2018,Coverage of protected areas in relation to marine areas-Carbon storage,99.09
2019,Coverage of protected areas in relation to marine areas-Carbon storage,99.09
2020,Coverage of protected areas in relation to marine areas-Carbon storage,99.09
2021,Coverage of protected areas in relation to marine areas-Carbon storage,99.09
2016,Coverage of protected areas in relation to marine areas-Coastal protection,98.0
2017,Coverage of protected areas in relation to marine areas-Coastal protection,98.0
2018,Coverage of protected areas in relation to marine areas-Coastal protection,98.0
2019,Coverage of protected areas in relation to marine areas-Coastal protection,98.0
2020,Coverage of protected areas in relation to marine areas-Coastal protection,98.0
2021,Coverage of protected areas in relation to marine areas-Coastal protection,98.0
2016,Coverage of protected areas in relation to marine areas-Livelihoods & economies (sub-goals),93.84
2017,Coverage of protected areas in relation to marine areas-Livelihoods & economies (sub-goals),93.84
2018,Coverage of protected areas in relation to marine areas-Livelihoods & economies (sub-goals),93.84
2019,Coverage of protected areas in relation to marine areas-Livelihoods & economies (sub-goals),93.84
2020,Coverage of protected areas in relation to marine areas-Livelihoods & economies (sub-goals),93.84
2021,Coverage of protected areas in relation to marine areas-Livelihoods & economies (sub-goals),93.84
2016,Coverage of protected areas in relation to marine areas-Livelihoods (sub-goals),89.35
2017,Coverage of protected areas in relation to marine areas-Livelihoods (sub-goals),89.35
2018,Coverage of protected areas in relation to marine areas-Livelihoods (sub-goals),89.35
2019,Coverage of protected areas in relation to marine areas-Livelihoods (sub-goals),89.35
2020,Coverage of protected areas in relation to marine areas-Livelihoods (sub-goals),89.35
2021,Coverage of protected areas in relation to marine areas-Livelihoods (sub-goals),89.35
2016,Coverage of protected areas in relation to marine areas-Economies (sub-goals),98.32
2017,Coverage of protected areas in relation to marine areas-Economies (sub-goals),98.32
2018,Coverage of protected areas in relation to marine areas-Economies (sub-goals),98.32
2019,Coverage of protected areas in relation to marine areas-Economies (sub-goals),98.32
2020,Coverage of protected areas in relation to marine areas-Economies (sub-goals),98.32
2021,Coverage of protected areas in relation to marine areas-Economies (sub-goals),98.32
2016,Coverage of protected areas in relation to marine areas-Tourism & recreation,10.65
2017,Coverage of protected areas in relation to marine areas-Tourism & recreation,11.12
2018,Coverage of protected areas in relation to marine areas-Tourism & recreation,11.15
2019,Coverage of protected areas in relation to marine areas-Tourism & recreation,11.35
2020,Coverage of protected areas in relation to marine areas-Tourism & recreation,11.6
2021,Coverage of protected areas in relation to marine areas-Tourism & recreation,11.58
2016,Coverage of protected areas in relation to marine areas-Sense of place,35.46
2017,Coverage of protected areas in relation to marine areas-Sense of place,35.44
2018,Coverage of protected areas in relation to marine areas-Sense of place,35.42
2019,Coverage of protected areas in relation to marine areas-Sense of place,32.25
2020,Coverage of protected areas in relation to marine areas-Sense of place,32.18
2021,Coverage of protected areas in relation to marine areas-Sense of place,32.11
2016,Coverage of protected areas in relation to marine areas-Iconic species (sub-goal),68.18
2017,Coverage of protected areas in relation to marine areas-Iconic species (sub-goal),68.14
2018,Coverage of protected areas in relation to marine areas-Iconic species (sub-goal),68.1
2019,Coverage of protected areas in relation to marine areas-Iconic species (sub-goal),61.76
2020,Coverage of protected areas in relation to marine areas-Iconic species (sub-goal),61.63
2021,Coverage of protected areas in relation to marine areas-Iconic species (sub-goal),61.49
2016,Coverage of protected areas in relation to marine areas-Lasting special places (sub-goal),2.73
2017,Coverage of protected areas in relation to marine areas-Lasting special places (sub-goal),2.73
2018,Coverage of protected areas in relation to marine areas-Lasting special places (sub-goal),2.73
2019,Coverage of protected areas in relation to marine areas-Lasting special places (sub-goal),2.73
2020,Coverage of protected areas in relation to marine areas-Lasting special places (sub-goal),2.73
2021,Coverage of protected areas in relation to marine areas-Lasting special places (sub-goal),2.73
2016,Coverage of protected areas in relation to marine areas-Clean water,35.55
2017,Coverage of protected areas in relation to marine areas-Clean water,35.25
2018,Coverage of protected areas in relation to marine areas-Clean water,35.25
2019,Coverage of protected areas in relation to marine areas-Clean water,33.61
2020,Coverage of protected areas in relation to marine areas-Clean water,33.49
2021,Coverage of protected areas in relation to marine areas-Clean water,33.37
2016,Coverage of protected areas in relation to marine areas-Biodiversity,81.3
2017,Coverage of protected areas in relation to marine areas-Biodiversity,81.14
2018,Coverage of protected areas in relation to marine areas-Biodiversity,80.5
2019,Coverage of protected areas in relation to marine areas-Biodiversity,80.49
2020,Coverage of protected areas in relation to marine areas-Biodiversity,80.46
2021,Coverage of protected areas in relation to marine areas-Biodiversity,80.46
2016,Coverage of protected areas in relation to marine areas-Habitat (sub-goal),87.85
2017,Coverage of protected areas in relation to marine areas-Habitat (sub-goal),87.94
2018,Coverage of protected areas in relation to marine areas-Habitat (sub-goal),87.08
2019,Coverage of protected areas in relation to marine areas-Habitat (sub-goal),87.47
2020,Coverage of protected areas in relation to marine areas-Habitat (sub-goal),87.85
2021,Coverage of protected areas in relation to marine areas-Habitat (sub-goal),87.85
2016,Coverage of protected areas in relation to marine areas-Species condition (sub-goal),74.76
2017,Coverage of protected areas in relation to marine areas-Species condition (sub-goal),74.34
2018,Coverage of protected areas in relation to marine areas-Species condition (sub-goal),73.92
2019,Coverage of protected areas in relation to marine areas-Species condition (sub-goal),73.5
2020,Coverage of protected areas in relation to marine areas-Species condition (sub-goal),73.08
2021,Coverage of protected areas in relation to marine areas-Species condition (sub-goal),73.08
