Year,Observation status,Unit multiplier,SDG Series,Reference area,Unit of measure,Value
2012,Normal value,Units,Forest area as a proportion of total land area [15.1.1],,Percent,38.7
2013,Normal value,Units,Forest area as a proportion of total land area [15.1.1],,Percent,38.7
2014,Normal value,Units,Forest area as a proportion of total land area [15.1.1],,Percent,38.8
2015,Normal value,Units,Forest area as a proportion of total land area [15.1.1],,Percent,39.0
2016,Normal value,Units,Forest area as a proportion of total land area [15.1.1],,Percent,39.0
2017,Normal value,Units,Forest area as a proportion of total land area [15.1.1],,Percent,41.0
2018,Normal value,Units,Forest area as a proportion of total land area [15.1.1],,Percent,42.9
