Year,Observation status,Unit multiplier,SERIES,Reference area,UNIT_MEASURE,GeoCode,Value
2015,Normal value,Units,"Number of victims of intentional homicide per 100,000 population [16.1.1]",,"Per 100,000 population",,1.9
2016,Normal value,Units,"Number of victims of intentional homicide per 100,000 population [16.1.1]",,"Per 100,000 population",,1.9
2017,Normal value,Units,"Number of victims of intentional homicide per 100,000 population [16.1.1]",,"Per 100,000 population",,2.1
2018,Normal value,Units,"Number of victims of intentional homicide per 100,000 population [16.1.1]",,"Per 100,000 population",,1.7
2019,Normal value,Units,"Number of victims of intentional homicide per 100,000 population [16.1.1]",,"Per 100,000 population",,1.9
2020,Normal value,Units,"Number of victims of intentional homicide per 100,000 population [16.1.1]",,"Per 100,000 population",,1.8
