Year,Observation status,Unit multiplier,SDG Series,Reference area,Unit of measure,Value
2013,Normal value,Units,Corruption Perception Index score,,Index,46
2014,Normal value,Units,Corruption Perception Index score,,Index,48
2015,Normal value,Units,Corruption Perception Index score,,Index,47
2016,Normal value,Units,Corruption Perception Index score,,Index,43
2017,Normal value,Units,Corruption Perception Index score,,Index,40
2018,Normal value,Units,Corruption Perception Index score,,Index,41
2019,Normal value,Units,Corruption Perception Index score,,Index,41
2020,Normal value,Units,Corruption Perception Index score,,Index,43
2013,Normal value,Units,Corruption Perception Index Rank,,Rank,63
2014,Normal value,Units,Corruption Perception Index Rank,,Rank,61
2015,Normal value,Units,Corruption Perception Index Rank,,Rank,56
2016,Normal value,Units,Corruption Perception Index Rank,,Rank,70
2017,Normal value,Units,Corruption Perception Index Rank,,Rank,81
2018,Normal value,Units,Corruption Perception Index Rank,,Rank,78
2019,Normal value,Units,Corruption Perception Index Rank,,Rank,80
2020,Normal value,Units,Corruption Perception Index Rank,,Rank,75
