Year,SDG Series,Value
2011,Proportion of children moderately or severely overweight [2.2.2],2.6
2014,Proportion of children moderately or severely overweight [2.2.2],2.6
2017,Proportion of children moderately or severely overweight [2.2.2],1.4
2011,Proportion of children moderately or severely wasted [2.2.2],6.2
2014,Proportion of children moderately or severely wasted [2.2.2],4.7
2017,Proportion of children moderately or severely wasted [2.2.2],6.8
2011,Proportion of children underweight,13.4
2014,Proportion of children underweight,11.0
2017,Proportion of children underweight,12.6
