Year,Observation status,Unit multiplier,SDG Series,Reference area,Unit of measure,Value
2016,Normal value,Units,Agriculture orientation index for government expenditures [2.a.1],,Index,0.4
2017,Normal value,Units,Agriculture orientation index for government expenditures [2.a.1],,Index,0.5
2018,Normal value,Units,Agriculture orientation index for government expenditures [2.a.1],,Index,0.5
2016,Normal value,Units,Agriculture share of Government Expenditure [2.a.1],,Percent,9.81
2017,Normal value,Units,Agriculture share of Government Expenditure [2.a.1],,Percent,10.06
2018,Normal value,Units,Agriculture share of Government Expenditure [2.a.1],,Percent,10.32
2016,Normal value,Units,Agriculture value added share of GDP [2.a.1],,Percent,22.6
2017,Normal value,Units,Agriculture value added share of GDP [2.a.1],,Percent,21.15
2018,Normal value,Units,Agriculture value added share of GDP [2.a.1],,Percent,19.65
