Year,Observation status,Unit multiplier,SDG Series,Reference area,Unit of measure,Value
2016,Normal value,Units,"Number of new HIV infections per 1,000 uninfected population [3.3.1]",,"Per 1,000 uninfected population",0.71
2017,Normal value,Units,"Number of new HIV infections per 1,000 uninfected population [3.3.1]",,"Per 1,000 uninfected population",0.69
2018,Normal value,Units,"Number of new HIV infections per 1,000 uninfected population [3.3.1]",,"Per 1,000 uninfected population",0.69
2019,Normal value,Units,"Number of new HIV infections per 1,000 uninfected population [3.3.1]",,"Per 1,000 uninfected population",0.66
2020,Normal value,Units,"Number of new HIV infections per 1,000 uninfected population [3.3.1]",,"Per 1,000 uninfected population",0.57
2016,Normal value,Units,Number of new HIV infections [3.3.1],,Number,20323.0
2017,Normal value,Units,Number of new HIV infections [3.3.1],,Number,20184.0
2018,Normal value,Units,Number of new HIV infections [3.3.1],,Number,20393.0
2019,Normal value,Units,Number of new HIV infections [3.3.1],,Number,20068.0
2020,Normal value,Units,Number of new HIV infections [3.3.1],,Number,17581.0
