Year,Observation status,Unit multiplier,SDG Series,Reference area,Unit of measure,Value
2016,Normal value,Units,Tuberculosis incidence [3.3.2],,"Per 1,000 population",49.4
2017,Normal value,Units,Tuberculosis incidence [3.3.2],,"Per 1,000 population",47.5
2018,Normal value,Units,Tuberculosis incidence [3.3.2],,"Per 1,000 population",46.3
2019,Normal value,Units,Tuberculosis incidence [3.3.2],,"Per 1,000 population",48.5
2020,Normal value,Units,Tuberculosis incidence [3.3.2],,"Per 1,000 population",40.16
