Year,Observation status,Unit multiplier,SERIES,Reference area,Degree of urbanisation,UNIT_MEASURE,GeoCode,Value
2011,Normal value,Units,Proportion of children who are developmentally on track in literacy-numeracy,,Urban,Percent,,61.0
2011,Normal value,Units,Proportion of children who are developmentally on track in physical development,,Urban,Percent,,95.5
2011,Normal value,Units,Proportion of children who are developmentally on track in social-emotional development,,Urban,Percent,,61.5
2011,Normal value,Units,Proportion of children who are developmentally on track in learning,,Urban,Percent,,82.1
2011,Normal value,Units,Proportion of children who are developmentally on track in literacy-numeracy,,Rural,Percent,,31.2
2011,Normal value,Units,Proportion of children who are developmentally on track in physical development,,Rural,Percent,,91.7
2011,Normal value,Units,Proportion of children who are developmentally on track in social-emotional development,,Rural,Percent,,71.4
2011,Normal value,Units,Proportion of children who are developmentally on track in learning,,Rural,Percent,,87.2
2011,Normal value,Units,Proportion of children who are developmentally on track in literacy-numeracy,,,Percent,,43.9
2011,Normal value,Units,Proportion of children who are developmentally on track in physical development,,,Percent,,93.3
2011,Normal value,Units,Proportion of children who are developmentally on track in social-emotional development,,,Percent,,66.6
2011,Normal value,Units,Proportion of children who are developmentally on track in learning,,,Percent,,84.7
2017,Normal value,Units,Proportion of children who are developmentally on track in literacy-numeracy,,Urban,Percent,,40.6
2017,Normal value,Units,Proportion of children who are developmentally on track in physical development,,Urban,Percent,,98.0
2017,Normal value,Units,Proportion of children who are developmentally on track in social-emotional development,,Urban,Percent,,71.3
2017,Normal value,Units,Proportion of children who are developmentally on track in learning,,Urban,Percent,,90.6
2017,Normal value,Units,Proportion of children who are developmentally on track in literacy-numeracy,,Rural,Percent,,18.8
2017,Normal value,Units,Proportion of children who are developmentally on track in physical development,,Rural,Percent,,96.7
2017,Normal value,Units,Proportion of children who are developmentally on track in social-emotional development,,Rural,Percent,,74.1
2017,Normal value,Units,Proportion of children who are developmentally on track in learning,,Rural,Percent,,87.8
2017,Normal value,Units,Proportion of children who are developmentally on track in literacy-numeracy,,,Percent,,26.3
2017,Normal value,Units,Proportion of children who are developmentally on track in physical development,,,Percent,,97.3
2017,Normal value,Units,Proportion of children who are developmentally on track in social-emotional development,,,Percent,,72.9
2017,Normal value,Units,Proportion of children who are developmentally on track in learning,,,Percent,,89.0
