Year,Observation status,Unit multiplier,SDG Series,Reference area,Sex,Age,Unit of measure,Value
2011,Normal value,Units,Proportion of women aged 20-24 years who were married or in a union before age 15 [5.3.1],,Female,20 to 24 years old,Percent,3.6
2017,Normal value,Units,Proportion of women aged 20-24 years who were married or in a union before age 15 [5.3.1],,Female,20 to 24 years old,Percent,5.0
2011,Normal value,Units,Proportion of women aged 20-24 years who were married or in a union before age 18 [5.3.1],,Female,20 to 24 years old,Percent,23.2
2017,Normal value,Units,Proportion of women aged 20-24 years who were married or in a union before age 18 [5.3.1],,Female,20 to 24 years old,Percent,19.0
