Year,Observation status,Unit multiplier,SDG Series,Reference area,Age,Unit of measure,Value
2016,Normal value,Units,Proportion of adults (15 years and older) with an account at a financial institution or mobile-money-service provider [8.10.2],,15 years old and over,Percent,113.3
2017,Normal value,Units,Proportion of adults (15 years and older) with an account at a financial institution or mobile-money-service provider [8.10.2],,15 years old and over,Percent,134.0
2018,Normal value,Units,Proportion of adults (15 years and older) with an account at a financial institution or mobile-money-service provider [8.10.2],,15 years old and over,Percent,177.7
2019,Normal value,Units,Proportion of adults (15 years and older) with an account at a financial institution or mobile-money-service provider [8.10.2],,15 years old and over,Percent,173.1
