Year,Observation status,Unit multiplier,SDG Series,Reference area,Sex,Age,Unit of measure,Value
2010,Normal value,Units,"Proportion of youth not in education, employment or training [8.6.1]",,,15 to 24 years old,Percent,21.5
2010,Normal value,Units,"Proportion of youth not in education, employment or training [8.6.1]",,Male,15 to 24 years old,Percent,17.7
2010,Normal value,Units,"Proportion of youth not in education, employment or training [8.6.1]",,Female,15 to 24 years old,Percent,25.2
2015,Normal value,Units,"Proportion of youth not in education, employment or training [8.6.1]",,,15 to 24 years old,Percent,27.1
2015,Normal value,Units,"Proportion of youth not in education, employment or training [8.6.1]",,Male,15 to 24 years old,Percent,23.2
2015,Normal value,Units,"Proportion of youth not in education, employment or training [8.6.1]",,Female,15 to 24 years old,Percent,30.5
