Year,SDG Series,Value
2020-06,Proportion of households that reported reduced income,77.4
2020-06,Proportion of households that reported reduced income from their non-farm businesses,83.0
2020-09,Proportion of households that reported reduced income,65.9
2020-09,Proportion of households that reported reduced income from their non-farm businesses,70.8
2020-12,Proportion of households that reported reduced income,68.2
2020-12,Proportion of households that reported reduced income from their non-farm businesses,77.3
