Year,OBS_STATUS,UNIT_MULT,SDG Series,Reference area,Type of product,Unit of measure,Value
2010,A,0,Post-harvest losses for selected produce,,Maize,Percent,17.4
2010,A,0,Post-harvest losses for selected produce,,Rice,Percent,5.3
2010,A,0,Post-harvest losses for selected produce,,Sorghum,Percent,7.3
2010,A,0,Post-harvest losses for selected produce,,Cassava,Percent,24.2
2010,A,0,Post-harvest losses for selected produce,,Yam,Percent,20.9
2010,A,0,Post-harvest losses for selected produce,,Fish(Marine),Percent,30.2
2010,A,0,Post-harvest losses for selected produce,,Fish(Artisanal),Percent,30.2
2011,A,0,Post-harvest losses for selected produce,,Maize,Percent,16.9
2011,A,0,Post-harvest losses for selected produce,,Rice,Percent,5.1
2011,A,0,Post-harvest losses for selected produce,,Sorghum,Percent,7.1
2011,A,0,Post-harvest losses for selected produce,,Cassava,Percent,23.6
2011,A,0,Post-harvest losses for selected produce,,Yam,Percent,20.4
2011,A,0,Post-harvest losses for selected produce,,Fish(Marine),Percent,29.5
2011,A,0,Post-harvest losses for selected produce,,Fish(Artisanal),Percent,29.5
2012,A,0,Post-harvest losses for selected produce,,Maize,Percent,16.5
2012,A,0,Post-harvest losses for selected produce,,Rice,Percent,5.0
2012,A,0,Post-harvest losses for selected produce,,Sorghum,Percent,6.9
2012,A,0,Post-harvest losses for selected produce,,Cassava,Percent,23.0
2012,A,0,Post-harvest losses for selected produce,,Yam,Percent,19.8
2012,A,0,Post-harvest losses for selected produce,,Fish(Marine),Percent,28.7
2012,A,0,Post-harvest losses for selected produce,,Fish(Artisanal),Percent,28.8
2013,A,0,Post-harvest losses for selected produce,,Maize,Percent,16.1
2013,A,0,Post-harvest losses for selected produce,,Rice,Percent,4.9
2013,A,0,Post-harvest losses for selected produce,,Sorghum,Percent,6.8
2013,A,0,Post-harvest losses for selected produce,,Cassava,Percent,22.4
2013,A,0,Post-harvest losses for selected produce,,Yam,Percent,19.3
2013,A,0,Post-harvest losses for selected produce,,Fish(Marine),Percent,28.0
2013,A,0,Post-harvest losses for selected produce,,Fish(Artisanal),Percent,28.1
2014,A,0,Post-harvest losses for selected produce,,Maize,Percent,15.7
2014,A,0,Post-harvest losses for selected produce,,Rice,Percent,4.8
2014,A,0,Post-harvest losses for selected produce,,Sorghum,Percent,6.6
2014,A,0,Post-harvest losses for selected produce,,Cassava,Percent,21.9
2014,A,0,Post-harvest losses for selected produce,,Yam,Percent,18.9
2014,A,0,Post-harvest losses for selected produce,,Fish(Marine),Percent,27.3
2014,A,0,Post-harvest losses for selected produce,,Fish(Artisanal),Percent,27.4
2015,A,0,Post-harvest losses for selected produce,,Maize,Percent,15.3
2015,A,0,Post-harvest losses for selected produce,,Rice,Percent,4.6
2015,A,0,Post-harvest losses for selected produce,,Sorghum,Percent,6.4
2015,A,0,Post-harvest losses for selected produce,,Cassava,Percent,21.3
2015,A,0,Post-harvest losses for selected produce,,Yam,Percent,18.4
2015,A,0,Post-harvest losses for selected produce,,Fish(Marine),Percent,26.6
2015,A,0,Post-harvest losses for selected produce,,Fish(Artisanal),Percent,26.7
2016,A,0,Post-harvest losses for selected produce,,Maize,Percent,18.3
2016,A,0,Post-harvest losses for selected produce,,Rice,Percent,5.5
2016,A,0,Post-harvest losses for selected produce,,Sorghum,Percent,7.5
2016,A,0,Post-harvest losses for selected produce,,Cassava,Percent,25.5
2016,A,0,Post-harvest losses for selected produce,,Yam,Percent,22.0
2016,A,0,Post-harvest losses for selected produce,,Fish(Marine),Percent,26.6
2016,A,0,Post-harvest losses for selected produce,,Fish(Artisanal),Percent,26.7
2017,A,0,Post-harvest losses for selected produce,,Maize,Percent,17.5
2017,A,0,Post-harvest losses for selected produce,,Rice,Percent,5.2
2017,A,0,Post-harvest losses for selected produce,,Sorghum,Percent,7.3
2017,A,0,Post-harvest losses for selected produce,,Cassava,Percent,25.1
2017,A,0,Post-harvest losses for selected produce,,Yam,Percent,21.5
2017,A,0,Post-harvest losses for selected produce,,Fish(Marine),Percent,26.6
2017,A,0,Post-harvest losses for selected produce,,Fish(Artisanal),Percent,26.7
2018,A,0,Post-harvest losses for selected produce,,Maize,Percent,17.7
2018,A,0,Post-harvest losses for selected produce,,Rice,Percent,4.8
2018,A,0,Post-harvest losses for selected produce,,Sorghum,Percent,7.1
2018,A,0,Post-harvest losses for selected produce,,Cassava,Percent,24.7
2018,A,0,Post-harvest losses for selected produce,,Yam,Percent,21.0
2018,A,0,Post-harvest losses for selected produce,,Fish(Marine),Percent,26.6
2018,A,0,Post-harvest losses for selected produce,,Fish(Artisanal),Percent,26.7
2019,A,0,Post-harvest losses for selected produce,,Maize,Percent,16.9
2019,A,0,Post-harvest losses for selected produce,,Rice,Percent,4.5
2019,A,0,Post-harvest losses for selected produce,,Sorghum,Percent,5.7
2019,A,0,Post-harvest losses for selected produce,,Cassava,Percent,23.7
2019,A,0,Post-harvest losses for selected produce,,Yam,Percent,20.8
2019,A,0,Post-harvest losses for selected produce,,Fish(Marine),Percent,25.3
2019,A,0,Post-harvest losses for selected produce,,Fish(Artisanal),Percent,25.5
