Year,OBS_STATUS,UNIT_MULT,SDG Series,Reference area,Unit of measure,Value
2015,A,0,"Number of victims of intentional homicide per 100,000 population [16.1.1]",,"Per 100,000 population",1.9
2016,A,0,"Number of victims of intentional homicide per 100,000 population [16.1.1]",,"Per 100,000 population",1.9
2017,A,0,"Number of victims of intentional homicide per 100,000 population [16.1.1]",,"Per 100,000 population",2.1
2018,A,0,"Number of victims of intentional homicide per 100,000 population [16.1.1]",,"Per 100,000 population",1.7
2019,A,0,"Number of victims of intentional homicide per 100,000 population [16.1.1]",,"Per 100,000 population",1.9
2020,A,0,"Number of victims of intentional homicide per 100,000 population [16.1.1]",,"Per 100,000 population",1.8
