Year,Reference area,Sex,Degree of urbanisation,Value
2006,,,,1.5
2013,,,,56.6
2017,,,,98.9
2006,,,Rural,0.1
2013,,,Rural,42.1
2017,,,Rural,97.9
2006,,,Urban,3.9
2013,,,Urban,59.3
2017,,,Urban,98.4
2006,,Male,,1.6
2013,,Male,,58.7
2017,,Male,,98.4
2006,,Female,,1.5
2013,,Female,,54.7
2017,,Female,,98.0
2006,Western,,,0.6
2013,Western,,,84.8
2017,Western,,,97.4
2006,Central,,,1.1
2013,Central,,,46.0
2017,Central,,,98.2
2006,Greater Accra,,,6.9
2013,Greater Accra,,,73.0
2017,Greater Accra,,,98.6
2006,Volta,,,0.3
2013,Volta,,,43.3
2017,Volta,,,97.5
2006,Eastern,,,0.6
2013,Eastern,,,33.9
2017,Eastern,,,98.1
2006,Ashanti,,,0.8
2013,Ashanti,,,53.5
2017,Ashanti,,,99.0
2006,Brong Ahafo,,,0.8
2013,Brong Ahafo,,,39.3
2017,Brong Ahafo,,,98.3
2006,Northern,,,0.9
2013,Northern,,,62.1
2017,Northern,,,97.1
2006,Upper East,,,0.1
2013,Upper East,,,21.9
2017,Upper East,,,98.2
2006,Upper West,,,0.0
2013,Upper West,,,73.1
2017,Upper West,,,98.5
