Year,OBS_STATUS,UNIT_MULT,SDG Series,Reference area,Age,Unit of measure,Value
2016,A,0,Proportion of adults (15 years and older) with an account at a financial institution or mobile-money-service provider [8.10.2],,15 years old and over,Percent,113.3
2017,A,0,Proportion of adults (15 years and older) with an account at a financial institution or mobile-money-service provider [8.10.2],,15 years old and over,Percent,134.0
2018,A,0,Proportion of adults (15 years and older) with an account at a financial institution or mobile-money-service provider [8.10.2],,15 years old and over,Percent,177.7
2019,A,0,Proportion of adults (15 years and older) with an account at a financial institution or mobile-money-service provider [8.10.2],,15 years old and over,Percent,173.1
