Year,OBS_STATUS,UNIT_MULT,SDG Series,Reference area,Sex,Unit of measure,Value
2010,A,0,Manufacturing employment as a proportion of total employment [9.2.2],,Male,Percent,8.9
2010,A,0,Manufacturing employment as a proportion of total employment [9.2.2],,Female,Percent,12.7
2010,A,0,Manufacturing employment as a proportion of total employment [9.2.2],,,Percent,10.8
2013,A,0,Manufacturing employment as a proportion of total employment [9.2.2],,Male,Percent,7.7
2013,A,0,Manufacturing employment as a proportion of total employment [9.2.2],,Female,Percent,10.3
2013,A,0,Manufacturing employment as a proportion of total employment [9.2.2],,,Percent,9.1
2015,A,0,Manufacturing employment as a proportion of total employment [9.2.2],,Male,Percent,8.6
2015,A,0,Manufacturing employment as a proportion of total employment [9.2.2],,Female,Percent,17.8
2015,A,0,Manufacturing employment as a proportion of total employment [9.2.2],,,Percent,13.5
